source,workload_id,workload,compiler_tag,iteration,opt_level_numeric,has_fastmath,has_vectorize,has_unroll,has_debug_friendly,has_lto,input_class,input_command,input_args,input_files,input_total_bytes,l1_size,l2_size,l3_size,l3_associativity,l3_replacement,branch_predictor,prefetcher_type,dram_type,core_frequency_ghz,simulator_rev,core_model,n_pb_files,pb_total_bytes,n_events,total_reads,total_writes,total_hits,total_misses,n_threads,cell_start_us,cell_end_us,execution_time_us,execution_time_s,read_freq,write_freq,hit_rate,wss_lines_total,wss_bytes_total,coarse_bin_us,n_coarse_bins,n_unique_regions_total,elapsed_parse_s
cpu2026,709.cactus_r,cactus,maap,1,3,0,1,1,0,0,refrate,,,ShiftedGaugeWave.par|control,4046,48,512,16384,16,lru,pentium_m,,constant,2.2,090ac23cf7ee,sunnycove,1,53504665010,1772749904,1410022894,362727010,0,1772749904,0,13423376491512383,13423378593548276,2102035893,2102.035893,670789.1614484434,172559.85552288566,0.0,3118636,199592704,2102035,1001,412,291.0
cpu2026,722.palm_r,palm,maap,1,3,0,1,1,0,0,refrate,,,DEBUG|ENVPAR|PARIN|runfile_atmos,3227,48,512,16384,16,lru,pentium_m,,constant,2.2,090ac23cf7ee,sunnycove,1,47397060411,1584688361,1502975351,81713010,0,1584688361,0,13423378958572494,13423380931466223,1972893729,1972.893729,761812.6252354265,41417.846688284546,0.0,1810267,115857088,1972893,1001,141,240.0
cpu2026,731.astcenc_r,astcenc,maap,1,3,0,1,1,0,0,refrate,,,control|gen_astcenc_inputs.sh|ref-inputs-hdr.txt|ref-inputs-linear.txt|ref-inputs-precision.txt,3360,48,512,16384,16,lru,pentium_m,,constant,2.2,090ac23cf7ee,sunnycove,1,49892992313,1644297744,1139491097,504806647,0,1644297744,0,13423381296803267,13423383241223890,1944420623,1944.420623,586031.1722274919,259618.0276164454,0.0,486140,31112960,1944420,1001,70,258.0
cpu2026,736.ocio_r,ocio,maap,1,3,0,1,1,0,0,refrate,,,control,721,48,512,16384,16,lru,pentium_m,,constant,2.2,090ac23cf7ee,sunnycove,1,50676622171,1745426787,1001288906,744137881,0,1745426787,0,13423383606609830,13423385688333628,2081723798,2081.723798,480990.27688590606,357462.3500557205,0.0,2226994,142527616,2081723,1001,154,266.0
cpu2026,737.gmsh_r,gmsh,maap,1,3,0,1,1,0,0,refrate,,,README.txt|TieAnchor520.geo|Torus.geo|Torus_dense.geo|choi.geo|control|gasdis.geo|geom8du.geo|gmsh.opts|mediterranean.geo,1699539,48,512,16384,16,lru,pentium_m,,constant,2.2,090ac23cf7ee,sunnycove,1,65141878942,2172396787,1472779699,699617088,0,2172396787,0,13423386055634518,13423388605631260,2549996742,2549.996742,577561.4041941392,274359.99288817914,0.0,152283,9746112,2549996,1001,45,363.0
cpu2026,748.flightdm_r,flightdm,maap,1,3,0,1,1,0,0,refrate,,,control,318,48,512,16384,16,lru,pentium_m,,constant,2.2,090ac23cf7ee,sunnycove,1,62919716539,2128415272,1452084618,676330654,0,2128415272,0,13423388970989732,13423391493120774,2522131042,2522.131042,575737.1817003314,268158.41157233575,0.0,51193,3276352,2522131,1001,30,350.0
cpu2026,749.fotonik3d_r,fotonik3d,maap,1,3,0,1,1,0,0,refrate,,,OBJ-epsilon.asc|OBJ-values.dat|OBJ-values.dat.xz|PSI.dat|TEwaveguide.m|incident_W3PC.def|power1.dat|power2.dat|trans_W3PC.def|yee.dat,20685910,48,512,16384,16,lru,pentium_m,,constant,2.2,090ac23cf7ee,sunnycove,1,78895487905,2600796738,1970417479,630379259,0,2600796738,0,13423391857830168,13423395246299963,3388469795,3388.469795,581506.579137147,186036.55842828605,0.0,28874857,1847990848,3388469,1001,1901,443.0
cpu2026,765.roms_r,roms,maap,1,3,0,1,1,0,0,refrate,,,roms_benchmark2.in.x|varinfo.yaml,459072,48,512,16384,16,lru,pentium_m,,constant,2.2,090ac23cf7ee,sunnycove,1,43367317772,1447027475,994313753,452713722,0,1447027475,0,13423395617483757,13423397424393127,1806909370,1806.90937,550284.2419816551,250545.89317891464,0.0,18888290,1208850560,1806909,1001,1297,233.0
cpu2026,766.femflow_r,femflow,maap,1,3,0,1,1,0,0,refrate,,,refrate.prm,473,48,512,16384,16,lru,pentium_m,,constant,2.2,090ac23cf7ee,sunnycove,1,75767430372,2511195925,1354204527,1156991398,0,2511195925,0,13423397810019214,13423400861556379,3051537165,3051.537165,443777.82533086074,379150.35453943093,0.0,617591,39525824,3051537,1001,107,427.0
cpu2026,767.nest_r,nest,maap,1,3,0,1,1,0,0,refrate,,,ArtificialSynchrony.sli|FormattedIO|FormattedIO.sli|arraylib|arraylib.sli|control|cuba_stdp.sli|debug|debug.sli|helpinit,1051499,48,512,16384,16,lru,pentium_m,,constant,2.2,090ac23cf7ee,sunnycove,1,63585388611,2140529703,1315509276,825020427,0,2140529703,0,13423401228538263,13423403872132309,2643594046,2643.594046,497621.5156750281,312082.8737862878,0.0,6327051,404931264,2643594,1001,421,355.0
cpu2026,772.marian_r,marian,maap,1,3,0,1,1,0,0,refrate,,,EuroPat-spec.en|TildeMODEL-spec.en|control|model.alphas.npz|vocab.spm,89277765,48,512,16384,16,lru,pentium_m,,constant,2.2,090ac23cf7ee,sunnycove,1,46528451689,1506476020,802799516,703676504,0,1506476020,0,13423404240280479,13423406132628093,1892347614,1892.347614,424234.6966597015,371853.7222199811,0.0,10592359,677910976,1892347,1001,694,229.0
cpu2026,782.lbm_r,lbm,maap,1,3,0,1,1,0,0,refrate,,,200_200_130_ldc.of|lbm.in,5226171,48,512,16384,16,lru,pentium_m,,constant,2.2,090ac23cf7ee,sunnycove,1,68404383944,2242345899,1425192385,817153514,0,2242345899,0,13423406603290479,13423409415227951,2811937472,2811.937472,506836.4425565719,290601.59485651605,0.0,26567859,1700342976,2811937,1001,1649,372.0
cpu2026,999.specrand_r,specrand,maap,1,3,0,1,1,0,0,refrate,,,control,18,48,512,16384,16,lru,pentium_m,,constant,2.2,090ac23cf7ee,sunnycove,1,4985739231,163671257,97559873,66111384,0,163671257,0,13423409782619632,13423409974401557,191781925,191.781925,508702.1261258067,344721.6623777241,0.0,23839,1525696,191781,1001,19,15.0
cpu2026,709.cactus_r,cactus,maapFAST,1,3,1,1,1,0,0,refrate,,,ShiftedGaugeWave.par|control,4046,48,512,16384,16,lru,pentium_m,,constant,2.2,090ac23cf7ee,sunnycove,1,40816468122,1356646564,1057396507,299250057,0,1356646564,0,13423376488611187,13423378127976397,1639365210,1639.36521,645003.6273491494,182540.20225304159,0.0,6259965,400637760,1639365,1001,603,219.0
cpu2026,722.palm_r,palm,maapFAST,1,3,1,1,1,0,0,refrate,,,DEBUG|ENVPAR|PARIN|runfile_atmos,3227,48,512,16384,16,lru,pentium_m,,constant,2.2,090ac23cf7ee,sunnycove,1,47397062314,1584688429,1502975402,81713027,0,1584688429,0,13423378491170682,13423380460452036,1969281354,1969.281354,763210.0913092787,41493.83064742104,0.0,1850376,118424064,1969281,1001,139,257.0
cpu2026,731.astcenc_r,astcenc,maapFAST,1,3,1,1,1,0,0,refrate,,,control|gen_astcenc_inputs.sh|ref-inputs-hdr.txt|ref-inputs-linear.txt|ref-inputs-precision.txt,3360,48,512,16384,16,lru,pentium_m,,constant,2.2,090ac23cf7ee,sunnycove,1,50500321250,1667055080,1164262061,502793019,0,1667055080,0,13423380825419325,13423382793574231,1968154906,1968.154906,591550.01339107,255464.14942605133,0.0,609259,38992576,1968154,1001,71,276.0
cpu2026,736.ocio_r,ocio,maapFAST,1,3,1,1,1,0,0,refrate,,,control,721,48,512,16384,16,lru,pentium_m,,constant,2.2,090ac23cf7ee,sunnycove,1,49724555170,1709684377,963272035,746412342,0,1709684377,0,13423383159138015,13423385217018874,2057880859,2057.880859,468089.31177293195,362709.21065989666,0.0,2200397,140825408,2057880,1001,155,285.0
cpu2026,737.gmsh_r,gmsh,maapFAST,1,3,1,1,1,0,0,refrate,,,README.txt|TieAnchor520.geo|Torus.geo|Torus_dense.geo|choi.geo|control|gasdis.geo|geom8du.geo|gmsh.opts|mediterranean.geo,1699539,48,512,16384,16,lru,pentium_m,,constant,2.2,090ac23cf7ee,sunnycove,1,65141465502,2172393355,1472776196,699617159,0,2172393355,0,13423385584398342,13423388162019875,2577621533,2577.621533,571370.2252812458,271419.65957498073,0.0,131759,8432576,2577621,1001,48,388.0
cpu2026,748.flightdm_r,flightdm,maapFAST,1,3,1,1,1,0,0,refrate,,,control,318,48,512,16384,16,lru,pentium_m,,constant,2.2,090ac23cf7ee,sunnycove,1,62919700790,2128414708,1452084195,676330513,0,2128414708,0,13423388528269487,13423391073312776,2545043289,2545.043289,570553.8295855682,265744.20793673187,0.0,50900,3257600,2545043,1001,32,375.0
cpu2026,749.fotonik3d_r,fotonik3d,maapFAST,1,3,1,1,1,0,0,refrate,,,OBJ-epsilon.asc|OBJ-values.dat|OBJ-values.dat.xz|PSI.dat|TEwaveguide.m|incident_W3PC.def|power1.dat|power2.dat|trans_W3PC.def|yee.dat,20685910,48,512,16384,16,lru,pentium_m,,constant,2.2,090ac23cf7ee,sunnycove,1,93289222417,3076726675,2359625160,717101515,0,3076726675,0,13423391437954574,13423395408766626,3970812052,3970.812052,594242.4695753391,180593.16472528927,0.0,28953414,1853018496,3970812,1001,1904,557.0
cpu2026,765.roms_r,roms,maapFAST,1,3,1,1,1,0,0,refrate,,,roms_benchmark2.in.x|varinfo.yaml,459072,48,512,16384,16,lru,pentium_m,,constant,2.2,090ac23cf7ee,sunnycove,1,44398348183,1480842454,1022154041,458688413,0,1480842454,0,13423395781128565,13423397634297704,1853169139,1853.169139,551570.8304702132,247515.67644144758,0.0,18029672,1153899008,1853169,1001,1263,264.0
cpu2026,766.femflow_r,femflow,maapFAST,1,3,1,1,1,0,0,refrate,,,refrate.prm,473,48,512,16384,16,lru,pentium_m,,constant,2.2,090ac23cf7ee,sunnycove,1,75827610339,2512088251,1353458710,1158629541,0,2512088251,0,13423398019087747,13423400990319755,2971232008,2971.232008,455521.0452619761,389949.19881059654,0.0,619480,39646720,2971232,1001,104,453.0
cpu2026,767.nest_r,nest,maapFAST,1,3,1,1,1,0,0,refrate,,,ArtificialSynchrony.sli|FormattedIO|FormattedIO.sli|arraylib|arraylib.sli|control|cuba_stdp.sli|debug|debug.sli|helpinit,1051499,48,512,16384,16,lru,pentium_m,,constant,2.2,090ac23cf7ee,sunnycove,1,63657185731,2142774134,1316172301,826601833,0,2142774134,0,13423401357275957,13423403999110669,2641834712,2641.834712,498203.87892609386,312889.3072853227,0.0,6348131,406280384,2641834,1001,420,381.0
cpu2026,772.marian_r,marian,maapFAST,1,3,1,1,1,0,0,refrate,,,EuroPat-spec.en|TildeMODEL-spec.en|control|model.alphas.npz|vocab.spm,89277765,48,512,16384,16,lru,pentium_m,,constant,2.2,090ac23cf7ee,sunnycove,1,46909443755,1519162809,815339364,703823445,0,1519162809,0,13423404367534272,13423406299407860,1931873588,1931.873588,422045.91908319003,364321.6871807039,0.0,10734270,686993280,1931873,1001,697,275.0
cpu2026,782.lbm_r,lbm,maapFAST,1,3,1,1,1,0,0,refrate,,,200_200_130_ldc.of|lbm.in,5226171,48,512,16384,16,lru,pentium_m,,constant,2.2,090ac23cf7ee,sunnycove,1,76252001378,2504380892,1626129408,878251484,0,2504380892,0,13423406769728272,13423409866252389,3096524117,3096.524117,525146.6956360864,283624.94552468555,0.0,26574118,1700743552,3096524,1001,1649,453.0
cpu2026,999.specrand_r,specrand,maapFAST,1,3,1,1,1,0,0,refrate,,,control,18,48,512,16384,16,lru,pentium_m,,constant,2.2,090ac23cf7ee,sunnycove,1,4985739642,163671268,97559880,66111388,0,163671268,0,13423410235296478,13423410424597196,189300718,189.300718,515369.8360510181,349240.0277108299,0.0,24058,1539712,189300,1001,17,29.0
cpu2026,709.cactus_r,cactus,maapLTO,1,3,0,1,1,0,1,refrate,,,ShiftedGaugeWave.par|control,4046,48,512,16384,16,lru,pentium_m,,constant,2.2,090ac23cf7ee,sunnycove,1,53495761488,1772491061,1409961941,362529120,0,1772491061,0,13423376464335186,13423378571264378,2106929192,2106.929192,669202.3378638536,172065.1654438703,0.0,3165071,202564544,2106929,1001,412,319.0
cpu2026,722.palm_r,palm,maapLTO,1,3,0,1,1,0,1,refrate,,,DEBUG|ENVPAR|PARIN|runfile_atmos,3227,48,512,16384,16,lru,pentium_m,,constant,2.2,090ac23cf7ee,sunnycove,1,48141435961,1606850134,1486697368,120152766,0,1606850134,0,13423378936360144,13423380953512329,2017152185,2017.152185,737027.8648559182,59565.543390073966,0.0,1809691,115820224,2017152,1001,136,286.0
cpu2026,731.astcenc_r,astcenc,maapLTO,1,3,0,1,1,0,1,refrate,,,control|gen_astcenc_inputs.sh|ref-inputs-hdr.txt|ref-inputs-linear.txt|ref-inputs-precision.txt,3360,48,512,16384,16,lru,pentium_m,,constant,2.2,090ac23cf7ee,sunnycove,1,48467535018,1597913003,1127142173,470770830,0,1597913003,0,13423381319054381,13423383224974499,1905920118,1905.920118,591390.039044648,247004.49171710774,0.0,542953,34748992,1905920,1001,73,289.0
cpu2026,736.ocio_r,ocio,maapLTO,1,3,0,1,1,0,1,refrate,,,control,721,48,512,16384,16,lru,pentium_m,,constant,2.2,090ac23cf7ee,sunnycove,1,50150782908,1726353933,988386538,737967395,0,1726353933,0,13423383590182684,13423385665964466,2075781782,2075.781782,476151.465713172,355512.99341733987,0.0,2213535,141666240,2075781,1001,153,300.0
cpu2026,737.gmsh_r,gmsh,maapLTO,1,3,0,1,1,0,1,refrate,,,README.txt|TieAnchor520.geo|Torus.geo|Torus_dense.geo|choi.geo|control|gasdis.geo|geom8du.geo|gmsh.opts|mediterranean.geo,1699539,48,512,16384,16,lru,pentium_m,,constant,2.2,090ac23cf7ee,sunnycove,1,66183233736,2205776274,1487284625,718491649,0,2205776274,0,13423386032707764,13423388681028602,2648320838,2648.320838,561595.3337901426,271300.8328487124,0.0,135438,8668032,2648320,1001,43,397.0
cpu2026,748.flightdm_r,flightdm,maapLTO,1,3,0,1,1,0,1,refrate,,,control,318,48,512,16384,16,lru,pentium_m,,constant,2.2,090ac23cf7ee,sunnycove,1,64279439043,2178269469,1487278064,690991405,0,2178269469,0,13423389046732773,13423391629450617,2582717844,2582.717844,575857.7412763638,267544.2873503452,0.0,65148,4169472,2582717,1001,34,386.0
cpu2026,749.fotonik3d_r,fotonik3d,maapLTO,1,3,0,1,1,0,1,refrate,,,OBJ-epsilon.asc|OBJ-values.dat|OBJ-values.dat.xz|PSI.dat|TEwaveguide.m|incident_W3PC.def|power1.dat|power2.dat|trans_W3PC.def|yee.dat,20685910,48,512,16384,16,lru,pentium_m,,constant,2.2,090ac23cf7ee,sunnycove,1,62483175570,2053505934,1479944895,573561039,0,2053505934,0,13423391993690071,13423394570846319,2577156248,2577.156248,574255.0131170782,222555.78777775372,0.0,28088487,1797663168,2577156,1001,1935,375.0
cpu2026,765.roms_r,roms,maapLTO,1,3,0,1,1,0,1,refrate,,,roms_benchmark2.in.x|varinfo.yaml,459072,48,512,16384,16,lru,pentium_m,,constant,2.2,090ac23cf7ee,sunnycove,1,43386602665,1447563149,994535100,453028049,0,1447563149,0,13423394943467085,13423396752818115,1809351030,1809.35103,549663.9864294326,250381.51330977495,0.0,18828222,1205006208,1809351,1001,1298,260.0
cpu2026,766.femflow_r,femflow,maapLTO,1,3,0,1,1,0,1,refrate,,,refrate.prm,473,48,512,16384,16,lru,pentium_m,,constant,2.2,090ac23cf7ee,sunnycove,1,75272815046,2497229281,1369138030,1128091251,0,2497229281,0,13423397126220286,13423400154304239,3028083953,3028.083953,452146.6548652193,372542.92434077704,0.0,612038,39170432,3028083,1001,99,452.0
cpu2026,767.nest_r,nest,maapLTO,1,3,0,1,1,0,1,refrate,,,ArtificialSynchrony.sli|FormattedIO|FormattedIO.sli|arraylib|arraylib.sli|control|cuba_stdp.sli|debug|debug.sli|helpinit,1051499,48,512,16384,16,lru,pentium_m,,constant,2.2,090ac23cf7ee,sunnycove,1,60582015916,2051151633,1294067249,757084384,0,2051151633,0,13423400520449545,13423403070275912,2549826367,2549.826367,507511.90973153815,296916.05428441317,0.0,6890845,441014080,2549826,1001,451,363.0
cpu2026,772.marian_r,marian,maapLTO,1,3,0,1,1,0,1,refrate,,,EuroPat-spec.en|TildeMODEL-spec.en|control|model.alphas.npz|vocab.spm,89277765,48,512,16384,16,lru,pentium_m,,constant,2.2,090ac23cf7ee,sunnycove,1,46852678864,1517477013,815215301,702261712,0,1517477013,0,13423403436923748,13423405320373264,1883449516,1883.449516,432830.9806420105,372859.32329709444,0.0,10792702,690732928,1883449,1001,702,281.0
cpu2026,782.lbm_r,lbm,maapLTO,1,3,0,1,1,0,1,refrate,,,200_200_130_ldc.of|lbm.in,5226171,48,512,16384,16,lru,pentium_m,,constant,2.2,090ac23cf7ee,sunnycove,1,71574020395,2344870282,1480116100,864754182,0,2344870282,0,13423405790947055,13423408739949685,2949002630,2949.00263,501903.96066211717,293236.1515052294,0.0,26498568,1695908352,2949002,1001,1647,430.0
cpu2026,999.specrand_r,specrand,maapLTO,1,3,0,1,1,0,1,refrate,,,control,18,48,512,16384,16,lru,pentium_m,,constant,2.2,090ac23cf7ee,sunnycove,1,4846383028,159066770,94834770,64232000,0,159066770,0,13423409108010914,13423409294672316,186661402,186.661402,508057.73975703877,344109.7051226477,0.0,24147,1545408,186661,1001,17,29.0
cpu2026,709.cactus_r,cactus,maapO1,1,1,0,0,0,0,0,refrate,,,ShiftedGaugeWave.par|control,4046,48,512,16384,16,lru,pentium_m,,constant,2.2,090ac23cf7ee,sunnycove,1,55920217540,1856263035,1514930442,341332593,0,1856263035,0,13423376480113911,13423378737790859,2257676948,2257.676948,671012.938029963,151187.52632097126,0.0,2747422,175835008,2257676,1001,401,335.0
cpu2026,722.palm_r,palm,maapO1,1,1,0,0,0,0,0,refrate,,,DEBUG|ENVPAR|PARIN|runfile_atmos,3227,48,512,16384,16,lru,pentium_m,,constant,2.2,090ac23cf7ee,sunnycove,1,42592265502,1468859231,1321791071,147068160,0,1468859231,0,13423379102839373,13423380911121308,1808281935,1808.281935,730965.1473126065,81330.32640178424,0.0,1754810,112307840,1808281,1001,171,255.0
cpu2026,731.astcenc_r,astcenc,maapO1,1,1,0,0,0,0,0,refrate,,,control|gen_astcenc_inputs.sh|ref-inputs-hdr.txt|ref-inputs-linear.txt|ref-inputs-precision.txt,3360,48,512,16384,16,lru,pentium_m,,constant,2.2,090ac23cf7ee,sunnycove,1,52025746416,1718590544,1167803641,550786903,0,1718590544,0,13423381276646895,13423383309186723,2032539828,2032.539828,574553.8783115053,270984.5560772942,0.0,291915,18682560,2032539,1001,69,312.0
cpu2026,736.ocio_r,ocio,maapO1,1,1,0,0,0,0,0,refrate,,,control,721,48,512,16384,16,lru,pentium_m,,constant,2.2,090ac23cf7ee,sunnycove,1,57812790672,1992479291,1277713281,714766010,0,1992479291,0,13423383675516379,13423386056523878,2381007499,2381.007499,536627.1553267377,300194.7748170448,0.0,2178980,139454720,2381007,1001,157,347.0
cpu2026,737.gmsh_r,gmsh,maapO1,1,1,0,0,0,0,0,refrate,,,README.txt|TieAnchor520.geo|Torus.geo|Torus_dense.geo|choi.geo|control|gasdis.geo|geom8du.geo|gmsh.opts|mediterranean.geo,1699539,48,512,16384,16,lru,pentium_m,,constant,2.2,090ac23cf7ee,sunnycove,1,68898461022,2287499362,1466755286,820744076,0,2287499362,0,13423386424157120,13423389111169893,2687012773,2687.012773,545868.3712777423,305448.5204711753,0.0,98043,6274752,2687012,1001,35,413.0
cpu2026,748.flightdm_r,flightdm,maapO1,1,1,0,0,0,0,0,refrate,,,control,318,48,512,16384,16,lru,pentium_m,,constant,2.2,090ac23cf7ee,sunnycove,1,66881536207,2258253259,1467361432,790891827,0,2258253259,0,13423389476375469,13423392165093856,2688718387,2688.718387,545747.5349946346,294151.9762069452,0.0,56129,3592256,2688718,1001,31,401.0
cpu2026,749.fotonik3d_r,fotonik3d,maapO1,1,1,0,0,0,0,0,refrate,,,OBJ-epsilon.asc|OBJ-values.dat|OBJ-values.dat.xz|PSI.dat|TEwaveguide.m|incident_W3PC.def|power1.dat|power2.dat|trans_W3PC.def|yee.dat,20685910,48,512,16384,16,lru,pentium_m,,constant,2.2,090ac23cf7ee,sunnycove,1,75696689377,2625727560,2125892978,499834582,0,2625727560,0,13423392530722365,13423395858885881,3328163516,3328.163516,638758.5729426643,150183.30066929318,0.0,28111656,1799145984,3328163,1001,1772,454.0
cpu2026,765.roms_r,roms,maapO1,1,1,0,0,0,0,0,refrate,,,roms_benchmark2.in.x|varinfo.yaml,459072,48,512,16384,16,lru,pentium_m,,constant,2.2,090ac23cf7ee,sunnycove,1,56865161104,1933557890,1709578412,223979478,0,1933557890,0,13423396230225983,13423398565317440,2335091457,2335.091457,732124.8197260653,95918.93170974845,0.0,18787581,1202405184,2335091,1001,1193,341.0
cpu2026,766.femflow_r,femflow,maapO1,1,1,0,0,0,0,0,refrate,,,refrate.prm,473,48,512,16384,16,lru,pentium_m,,constant,2.2,090ac23cf7ee,sunnycove,1,80985867990,2623991315,1397373692,1226617623,0,2623991315,0,13423398946362217,13423402110881434,3164519217,3164.519217,441575.3535302358,387615.79212745227,0.0,567366,36311424,3164519,1001,109,486.0
cpu2026,767.nest_r,nest,maapO1,1,1,0,0,0,0,0,refrate,,,ArtificialSynchrony.sli|FormattedIO|FormattedIO.sli|arraylib|arraylib.sli|control|cuba_stdp.sli|debug|debug.sli|helpinit,1051499,48,512,16384,16,lru,pentium_m,,constant,2.2,090ac23cf7ee,sunnycove,1,44140509,1465998,1049682,416316,0,1465998,0,13423402478347177,13423402480794704,2447527,2.447527,428874.5333555054,170096.5913757029,0.0,17351,1110464,2447,1001,16,0.001
cpu2026,772.marian_r,marian,maapO1,1,1,0,0,0,0,0,refrate,,,EuroPat-spec.en|TildeMODEL-spec.en|control|model.alphas.npz|vocab.spm,89277765,48,512,16384,16,lru,pentium_m,,constant,2.2,090ac23cf7ee,sunnycove,1,52269029181,1692986877,907632446,785354431,0,1692986877,0,13423402846022787,13423404972552590,2126529803,2126.529803,426813.8846300477,369312.6848690585,0.0,10453532,669026048,2126529,1001,686,314.0
cpu2026,782.lbm_r,lbm,maapO1,1,1,0,0,0,0,0,refrate,,,200_200_130_ldc.of|lbm.in,5226171,48,512,16384,16,lru,pentium_m,,constant,2.2,090ac23cf7ee,sunnycove,1,58151380955,1918030745,1178626606,739404139,0,1918030745,0,13423405441507654,13423407929024210,2487516556,2487.516556,473816.58753470425,297245.916702152,0.0,26885006,1720640384,2487516,1001,1649,350.0
cpu2026,999.specrand_r,specrand,maapO1,1,1,0,0,0,0,0,refrate,,,control,18,48,512,16384,16,lru,pentium_m,,constant,2.2,090ac23cf7ee,sunnycove,1,5083248494,167434610,101320202,66114408,0,167434610,0,13423408299850698,13423408496457658,196606960,196.60696,515343.9227176902,336277.0473639387,0.0,23792,1522688,196606,1001,15,30.0
cpu2026,709.cactus_r,cactus,maapO2,1,2,0,1,0,0,0,refrate,,,ShiftedGaugeWave.par|control,4046,48,512,16384,16,lru,pentium_m,,constant,2.2,090ac23cf7ee,sunnycove,1,53750357824,1781953846,1419541268,362412578,0,1781953846,0,13423376480810140,13423378634907330,2154097190,2154.09719,658995.9239490025,168243.3734570723,0.0,3032944,194108416,2154097,1001,406,323.0
cpu2026,722.palm_r,palm,maapO2,1,2,0,1,0,0,0,refrate,,,DEBUG|ENVPAR|PARIN|runfile_atmos,3227,48,512,16384,16,lru,pentium_m,,constant,2.2,090ac23cf7ee,sunnycove,1,36651988329,1207404310,989674037,217730273,0,1207404310,0,13423379000807970,13423380528409332,1527601362,1527.601362,647861.4523518604,142530.81884853673,0.0,1243262,79568768,1527601,1001,153,219.0
cpu2026,731.astcenc_r,astcenc,maapO2,1,2,0,1,0,0,0,refrate,,,control|gen_astcenc_inputs.sh|ref-inputs-hdr.txt|ref-inputs-linear.txt|ref-inputs-precision.txt,3360,48,512,16384,16,lru,pentium_m,,constant,2.2,090ac23cf7ee,sunnycove,1,51040698530,1680026634,1131469750,548556884,0,1680026634,0,13423380893455257,13423382853038374,1959583117,1959.583117,577403.2957235363,279935.502220394,0.0,284962,18237568,1959583,1001,47,306.0
cpu2026,736.ocio_r,ocio,maapO2,1,2,0,1,0,0,0,refrate,,,control,721,48,512,16384,16,lru,pentium_m,,constant,2.2,090ac23cf7ee,sunnycove,1,48823579462,1681945470,949404525,732540945,0,1681945470,0,13423383218184175,13423385197292258,1979108083,1979.108083,479713.3280163557,370136.90727268887,0.0,2218558,141987712,1979108,1001,154,293.0
cpu2026,737.gmsh_r,gmsh,maapO2,1,2,0,1,0,0,0,refrate,,,README.txt|TieAnchor520.geo|Torus.geo|Torus_dense.geo|choi.geo|control|gasdis.geo|geom8du.geo|gmsh.opts|mediterranean.geo,1699539,48,512,16384,16,lru,pentium_m,,constant,2.2,090ac23cf7ee,sunnycove,1,68211349091,2266846314,1463458367,803387947,0,2266846314,0,13423385564920838,13423388278249588,2713328750,2713.32875,539359.0315954158,296089.42410682817,0.0,134862,8631168,2713328,1001,46,410.0
cpu2026,748.flightdm_r,flightdm,maapO2,1,2,0,1,0,0,0,refrate,,,control,318,48,512,16384,16,lru,pentium_m,,constant,2.2,090ac23cf7ee,sunnycove,1,66239947833,2237881617,1453423099,784458518,0,2237881617,0,13423388644722311,13423391266383552,2621661241,2621.661241,554390.1234339529,299221.92300511646,0.0,50896,3257344,2621661,1001,30,398.0
cpu2026,749.fotonik3d_r,fotonik3d,maapO2,1,2,0,1,0,0,0,refrate,,,OBJ-epsilon.asc|OBJ-values.dat|OBJ-values.dat.xz|PSI.dat|TEwaveguide.m|incident_W3PC.def|power1.dat|power2.dat|trans_W3PC.def|yee.dat,20685910,48,512,16384,16,lru,pentium_m,,constant,2.2,090ac23cf7ee,sunnycove,1,82223293333,2707863419,1978955948,728907471,0,2707863419,0,13423391630888772,13423395086537547,3455648775,3455.648775,572672.7676483847,210932.1630928768,0.0,28526413,1825690432,3455648,1001,1751,494.0
cpu2026,765.roms_r,roms,maapO2,1,2,0,1,0,0,0,refrate,,,roms_benchmark2.in.x|varinfo.yaml,459072,48,512,16384,16,lru,pentium_m,,constant,2.2,090ac23cf7ee,sunnycove,1,48691245392,1642982153,1227977401,415004752,0,1642982153,0,13423395460631512,13423397467223224,2006591712,2006.591712,611971.7298025001,206820.72467365998,0.0,15534923,994235072,2006591,1001,1115,293.0
cpu2026,766.femflow_r,femflow,maapO2,1,2,0,1,0,0,0,refrate,,,refrate.prm,473,48,512,16384,16,lru,pentium_m,,constant,2.2,090ac23cf7ee,sunnycove,1,75071360291,2434191006,1315965702,1118225304,0,2434191006,0,13423397849655927,13423400742453481,2892797554,2892.797554,454911.09468768584,386554.98116478283,0.0,564150,36105600,2892797,1001,106,451.0
cpu2026,767.nest_r,nest,maapO2,1,2,0,1,0,0,0,refrate,,,ArtificialSynchrony.sli|FormattedIO|FormattedIO.sli|arraylib|arraylib.sli|control|cuba_stdp.sli|debug|debug.sli|helpinit,1051499,48,512,16384,16,lru,pentium_m,,constant,2.2,090ac23cf7ee,sunnycove,1,63641870432,2144560938,1298439536,846121402,0,2144560938,0,13423401109069991,13423403731399931,2622329940,2622.32994,495147.27959823393,322660.16152033105,0.0,6058352,387734528,2622329,1001,407,383.0
cpu2026,772.marian_r,marian,maapO2,1,2,0,1,0,0,0,refrate,,,EuroPat-spec.en|TildeMODEL-spec.en|control|model.alphas.npz|vocab.spm,89277765,48,512,16384,16,lru,pentium_m,,constant,2.2,090ac23cf7ee,sunnycove,1,51849085579,1678601121,894025636,784575485,0,1678601121,0,13423404099036907,13423406226072954,2127036047,2127.036047,420315.2256215618,368858.57487303787,0.0,10501802,672115328,2127036,1001,678,312.0
cpu2026,782.lbm_r,lbm,maapO2,1,2,0,1,0,0,0,refrate,,,200_200_130_ldc.of|lbm.in,5226171,48,512,16384,16,lru,pentium_m,,constant,2.2,090ac23cf7ee,sunnycove,1,68842800644,2250011508,1340595467,909416041,0,2250011508,0,13423406697493854,13423409551536386,2854042532,2854.042532,469718.1110544151,318641.37650489644,0.0,26129831,1672309184,2854042,1001,1649,414.0
cpu2026,999.specrand_r,specrand,maapO2,1,2,0,1,0,0,0,refrate,,,control,18,48,512,16384,16,lru,pentium_m,,constant,2.2,090ac23cf7ee,sunnycove,1,5036308643,165544194,99432810,66111384,0,165544194,0,13423409946296173,13423410141603296,195307123,195.307123,509110.00312057236,338499.6050553671,0.0,23938,1532032,195307,1001,16,30.0
cpu2026,709.cactus_r,cactus,maapO3,1,3,0,1,1,0,0,refrate,,,ShiftedGaugeWave.par|control,4046,48,512,16384,16,lru,pentium_m,,constant,2.2,090ac23cf7ee,sunnycove,1,53504528278,1772745656,1410020635,362725021,0,1772745656,0,13423376490394878,13423378644423052,2154028174,2154.028174,654597.1180969335,168393.81461126608,0.0,3149496,201567744,2154028,1001,413,322.0
cpu2026,722.palm_r,palm,maapO3,1,3,0,1,1,0,0,refrate,,,DEBUG|ENVPAR|PARIN|runfile_atmos,3227,48,512,16384,16,lru,pentium_m,,constant,2.2,090ac23cf7ee,sunnycove,1,47397060263,1584688363,1502975353,81713010,0,1584688363,0,13423379010253010,13423380986591853,1976338843,1976.338843,760484.6498480727,41345.647933510765,0.0,1821575,116580800,1976338,1001,139,285.0
cpu2026,731.astcenc_r,astcenc,maapO3,1,3,0,1,1,0,0,refrate,,,control|gen_astcenc_inputs.sh|ref-inputs-hdr.txt|ref-inputs-linear.txt|ref-inputs-precision.txt,3360,48,512,16384,16,lru,pentium_m,,constant,2.2,090ac23cf7ee,sunnycove,1,49892993152,1644297745,1139491098,504806647,0,1644297745,0,13423381352520253,13423383303468675,1950948422,1950.948422,584070.3347922747,258749.35559931476,0.0,506461,32413504,1950948,1001,70,300.0
cpu2026,736.ocio_r,ocio,maapO3,1,3,0,1,1,0,0,refrate,,,control,721,48,512,16384,16,lru,pentium_m,,constant,2.2,090ac23cf7ee,sunnycove,1,50676414981,1745419770,1001283134,744136636,0,1745419770,0,13423383669003777,13423385774374486,2105370709,2105.370709,475585.1925362756,353446.8456405223,0.0,2204557,141091648,2105370,1001,153,305.0
cpu2026,737.gmsh_r,gmsh,maapO3,1,3,0,1,1,0,0,refrate,,,README.txt|TieAnchor520.geo|Torus.geo|Torus_dense.geo|choi.geo|control|gasdis.geo|geom8du.geo|gmsh.opts|mediterranean.geo,1699539,48,512,16384,16,lru,pentium_m,,constant,2.2,090ac23cf7ee,sunnycove,1,65141647369,2172392738,1472776870,699615868,0,2172392738,0,13423386141945849,13423388766700647,2624754798,2624.754798,561110.2687086125,266545.22873263835,0.0,151218,9677952,2624754,1001,46,391.0
cpu2026,748.flightdm_r,flightdm,maapO3,1,3,0,1,1,0,0,refrate,,,control,318,48,512,16384,16,lru,pentium_m,,constant,2.2,090ac23cf7ee,sunnycove,1,62919691772,2128414368,1452083967,676330401,0,2128414368,0,13423389132007461,13423391615338458,2483330997,2483.330997,584732.3489112797,272348.06870974676,0.0,51412,3290368,2483330,1001,30,378.0
cpu2026,749.fotonik3d_r,fotonik3d,maapO3,1,3,0,1,1,0,0,refrate,,,OBJ-epsilon.asc|OBJ-values.dat|OBJ-values.dat.xz|PSI.dat|TEwaveguide.m|incident_W3PC.def|power1.dat|power2.dat|trans_W3PC.def|yee.dat,20685910,48,512,16384,16,lru,pentium_m,,constant,2.2,090ac23cf7ee,sunnycove,1,78895486872,2600796695,1970417442,630379253,0,2600796695,0,13423391979998533,13423395267384619,3287386086,3287.386086,599387.2914384538,191756.9876214412,0.0,28814285,1844114240,3287386,1001,1899,474.0
cpu2026,765.roms_r,roms,maapO3,1,3,0,1,1,0,0,refrate,,,roms_benchmark2.in.x|varinfo.yaml,459072,48,512,16384,16,lru,pentium_m,,constant,2.2,090ac23cf7ee,sunnycove,1,43366129451,1446982888,994209901,452772987,0,1446982888,0,13423395637747317,13423397436139555,1798392238,1798.392238,552832.6246034432,251765.42549112136,0.0,18747703,1199852992,1798392,1001,1296,261.0
cpu2026,766.femflow_r,femflow,maapO3,1,3,0,1,1,0,0,refrate,,,refrate.prm,473,48,512,16384,16,lru,pentium_m,,constant,2.2,090ac23cf7ee,sunnycove,1,75767448464,2511196546,1354204859,1156991687,0,2511196546,0,13423397821179757,13423400808432253,2987252496,2987.252496,453327.8860134225,387309.63939246465,0.0,631795,40434880,2987252,1001,104,455.0
cpu2026,767.nest_r,nest,maapO3,1,3,0,1,1,0,0,refrate,,,ArtificialSynchrony.sli|FormattedIO|FormattedIO.sli|arraylib|arraylib.sli|control|cuba_stdp.sli|debug|debug.sli|helpinit,1051499,48,512,16384,16,lru,pentium_m,,constant,2.2,090ac23cf7ee,sunnycove,1,63583648000,2140471229,1315473250,824997979,0,2140471229,0,13423401176329425,13423403873917013,2697587588,2697.587588,487648.0214587939,305828.06010449363,0.0,6344124,406023936,2697587,1001,422,383.0
cpu2026,772.marian_r,marian,maapO3,1,3,0,1,1,0,0,refrate,,,EuroPat-spec.en|TildeMODEL-spec.en|control|model.alphas.npz|vocab.spm,89277765,48,512,16384,16,lru,pentium_m,,constant,2.2,090ac23cf7ee,sunnycove,1,46536592133,1506736964,802870622,703866342,0,1506736964,0,13423404240248338,13423406167343412,1927095074,1927.095074,416622.21694828535,365247.3360014411,0.0,10789232,690510848,1927095,1001,692,279.0
cpu2026,782.lbm_r,lbm,maapO3,1,3,0,1,1,0,0,refrate,,,200_200_130_ldc.of|lbm.in,5226171,48,512,16384,16,lru,pentium_m,,constant,2.2,090ac23cf7ee,sunnycove,1,68404381390,2242345815,1425192333,817153482,0,2242345815,0,13423406637463481,13423409478906186,2841442705,2841.442705,501573.4895840527,287584.0081385699,0.0,27567532,1764322048,2841442,1001,1647,412.0
cpu2026,999.specrand_r,specrand,maapO3,1,3,0,1,1,0,0,refrate,,,control,18,48,512,16384,16,lru,pentium_m,,constant,2.2,090ac23cf7ee,sunnycove,1,4985739261,163671258,97559874,66111384,0,163671258,0,13423409848249739,13423410041243034,192993295,192.993295,505509.136988412,342557.93187012017,0.0,24248,1551872,192993,1001,17,30.0
cpu2026,709.cactus_r,cactus,maapOfast,1,4,1,1,1,0,0,refrate,,,ShiftedGaugeWave.par|control,4046,48,512,16384,16,lru,pentium_m,,constant,2.2,090ac23cf7ee,sunnycove,1,40816567435,1356650062,1057400005,299250057,0,1356650062,0,13423376491506410,13423378168978260,1677471850,1677.47185,630353.3528744462,178393.48958374473,0.0,6217300,397907200,1677471,1001,603,245.0
cpu2026,722.palm_r,palm,maapOfast,1,4,1,1,1,0,0,refrate,,,DEBUG|ENVPAR|PARIN|runfile_atmos,3227,48,512,16384,16,lru,pentium_m,,constant,2.2,090ac23cf7ee,sunnycove,1,40979765417,1358495725,1250594552,107901173,0,1358495725,0,13423378531131223,13423380228202973,1697071750,1697.07175,736913.1870823965,63580.79615667398,0.0,924782,59186048,1697071,1001,85,246.0
cpu2026,731.astcenc_r,astcenc,maapOfast,1,4,1,1,1,0,0,refrate,,,control|gen_astcenc_inputs.sh|ref-inputs-hdr.txt|ref-inputs-linear.txt|ref-inputs-precision.txt,3360,48,512,16384,16,lru,pentium_m,,constant,2.2,090ac23cf7ee,sunnycove,1,50500320775,1667055086,1164262065,502793021,0,1667055086,0,13423380590227786,13423382576450667,1986222881,1986.222881,586168.8917881317,253140.2823971395,0.0,599912,38394368,1986222,1001,72,304.0
cpu2026,736.ocio_r,ocio,maapOfast,1,4,1,1,1,0,0,refrate,,,control,721,48,512,16384,16,lru,pentium_m,,constant,2.2,090ac23cf7ee,sunnycove,1,49724751691,1709691490,963276880,746414610,0,1709691490,0,13423382943064518,13423385012096554,2069032036,2069.032036,465568.8569531651,360755.4629473122,0.0,2211966,141565824,2069032,1001,154,299.0
cpu2026,737.gmsh_r,gmsh,maapOfast,1,4,1,1,1,0,0,refrate,,,README.txt|TieAnchor520.geo|Torus.geo|Torus_dense.geo|choi.geo|control|gasdis.geo|geom8du.geo|gmsh.opts|mediterranean.geo,1699539,48,512,16384,16,lru,pentium_m,,constant,2.2,090ac23cf7ee,sunnycove,1,65142689642,2172439479,1472813149,699626330,0,2172439479,0,13423385379688816,13423388013841177,2634152361,2634.152361,559122.2325654989,265598.2775933286,0.0,152210,9741440,2634152,1001,44,391.0
cpu2026,748.flightdm_r,flightdm,maapOfast,1,4,1,1,1,0,0,refrate,,,control,318,48,512,16384,16,lru,pentium_m,,constant,2.2,090ac23cf7ee,sunnycove,1,62919687561,2128414169,1452083879,676330290,0,2128414169,0,13423388380227348,13423390866499842,2486272494,2486.272494,584040.5194942402,272025.8103776456,0.0,50860,3255040,2486272,1001,30,378.0
cpu2026,749.fotonik3d_r,fotonik3d,maapOfast,1,4,1,1,1,0,0,refrate,,,OBJ-epsilon.asc|OBJ-values.dat|OBJ-values.dat.xz|PSI.dat|TEwaveguide.m|incident_W3PC.def|power1.dat|power2.dat|trans_W3PC.def|yee.dat,20685910,48,512,16384,16,lru,pentium_m,,constant,2.2,090ac23cf7ee,sunnycove,1,93440929434,3081010607,2363435354,717575253,0,3081010607,0,13423391230874347,13423395139917596,3909043249,3909.043249,604607.1131611571,183568.0004777558,0.0,28885969,1848702016,3909043,1001,1903,501.0
cpu2026,765.roms_r,roms,maapOfast,1,4,1,1,1,0,0,refrate,,,roms_benchmark2.in.x|varinfo.yaml,459072,48,512,16384,16,lru,pentium_m,,constant,2.2,090ac23cf7ee,sunnycove,1,44379931024,1480069085,1021030210,459038875,0,1480069085,0,13423395511442335,13423397362203500,1850761165,1850.761165,551681.2375950195,248027.0732285438,0.0,18199918,1164794752,1850761,1001,1260,267.0
cpu2026,766.femflow_r,femflow,maapOfast,1,4,1,1,1,0,0,refrate,,,refrate.prm,473,48,512,16384,16,lru,pentium_m,,constant,2.2,090ac23cf7ee,sunnycove,1,75825948977,2512033131,1353373986,1158659145,0,2512033131,0,13423397746628132,13423400730949522,2984321390,2984.32139,453494.71760479524,388248.7820790642,0.0,633893,40569152,2984321,1001,108,431.0
cpu2026,767.nest_r,nest,maapOfast,1,4,1,1,1,0,0,refrate,,,ArtificialSynchrony.sli|FormattedIO|FormattedIO.sli|arraylib|arraylib.sli|control|cuba_stdp.sli|debug|debug.sli|helpinit,1051499,48,512,16384,16,lru,pentium_m,,constant,2.2,090ac23cf7ee,sunnycove,1,63657004452,2142767958,1316167606,826600352,0,2142767958,0,13423401097850521,13423403754398693,2656548172,2656.548172,495442.77791473834,311155.79258541676,0.0,6357828,406900992,2656548,1001,422,365.0
cpu2026,772.marian_r,marian,maapOfast,1,4,1,1,1,0,0,refrate,,,EuroPat-spec.en|TildeMODEL-spec.en|control|model.alphas.npz|vocab.spm,89277765,48,512,16384,16,lru,pentium_m,,constant,2.2,090ac23cf7ee,sunnycove,1,46911669426,1519236699,815411814,703824885,0,1519236699,0,13423404122567593,13423406041434607,1918867014,1918.867014,424944.4114942715,366791.9036936449,0.0,10648972,681534208,1918867,1001,697,281.0
cpu2026,782.lbm_r,lbm,maapOfast,1,4,1,1,1,0,0,refrate,,,200_200_130_ldc.of|lbm.in,5226171,48,512,16384,16,lru,pentium_m,,constant,2.2,090ac23cf7ee,sunnycove,1,76252001378,2504380892,1626129408,878251484,0,2504380892,0,13423406512438285,13423409708695023,3196256738,3196.256738,508760.5725369612,274775.0121442216,0.0,26865613,1719399232,3196256,1001,1648,375.0
cpu2026,999.specrand_r,specrand,maapOfast,1,4,1,1,1,0,0,refrate,,,control,18,48,512,16384,16,lru,pentium_m,,constant,2.2,090ac23cf7ee,sunnycove,1,4985739502,163671267,97559879,66111388,0,163671267,0,13423410087704083,13423410280995778,193291695,193.291695,504728.76757586503,342029.11821948685,0.0,23890,1528960,193291,1001,16,30.0
cpu2026,709.cactus_r,cactus,maapOg,1,1,0,0,0,1,0,refrate,,,ShiftedGaugeWave.par|control,4046,48,512,16384,16,lru,pentium_m,,constant,2.2,090ac23cf7ee,sunnycove,1,49069565002,1627148350,1266049992,361098358,0,1627148350,0,13423376481093789,13423378461959613,1980865824,1980.865824,639139.7017711382,182293.19402907725,0.0,1710554,109475456,1980865,1001,338,267.0
cpu2026,722.palm_r,palm,maapOg,1,1,0,0,0,1,0,refrate,,,DEBUG|ENVPAR|PARIN|runfile_atmos,3227,48,512,16384,16,lru,pentium_m,,constant,2.2,090ac23cf7ee,sunnycove,1,33934099974,1175082095,1063790579,111291516,0,1175082095,0,13423378827517816,13423380273097967,1445580151,1445.580151,735891.799748432,76987.44059470696,0.0,1766751,113072064,1445580,1001,146,198.0
cpu2026,731.astcenc_r,astcenc,maapOg,1,1,0,0,0,1,0,refrate,,,control|gen_astcenc_inputs.sh|ref-inputs-hdr.txt|ref-inputs-linear.txt|ref-inputs-precision.txt,3360,48,512,16384,16,lru,pentium_m,,constant,2.2,090ac23cf7ee,sunnycove,1,20728636850,683585971,471746567,211839404,0,683585971,0,13423380637649443,13423381454443969,816794526,816.794526,577558.433588229,259354.58338270008,0.0,217224,13902336,816794,1001,47,125.0
cpu2026,736.ocio_r,ocio,maapOg,1,1,0,0,0,1,0,refrate,,,control,721,48,512,16384,16,lru,pentium_m,,constant,2.2,090ac23cf7ee,sunnycove,1,30559360,1002318,731203,271115,0,1002318,0,13423381820750055,13423381822332645,1582590,1.58259,462029.3316651818,171310.95229971124,0.0,11427,731328,1582,1001,16,0.001
cpu2026,737.gmsh_r,gmsh,maapOg,1,1,0,0,0,1,0,refrate,,,README.txt|TieAnchor520.geo|Torus.geo|Torus_dense.geo|choi.geo|control|gasdis.geo|geom8du.geo|gmsh.opts|mediterranean.geo,1699539,48,512,16384,16,lru,pentium_m,,constant,2.2,090ac23cf7ee,sunnycove,1,74414670940,2456963869,1455977965,1000985904,0,2456963869,0,13423382186885429,13423385121194466,2934309037,2934.309037,496191.078254175,341131.7251789522,0.0,108114,6919296,2934309,1001,44,320.0
cpu2026,748.flightdm_r,flightdm,maapOg,1,1,0,0,0,1,0,refrate,,,control,318,48,512,16384,16,lru,pentium_m,,constant,2.2,090ac23cf7ee,sunnycove,1,67847576415,2285615806,1467842355,817773451,0,2285615806,0,13423385487310590,13423388185022934,2697712344,2697.712344,544106.3270754712,303135.8969086587,0.0,46740,2991360,2697712,1001,28,300.0
cpu2026,749.fotonik3d_r,fotonik3d,maapOg,1,1,0,0,0,1,0,refrate,,,OBJ-epsilon.asc|OBJ-values.dat|OBJ-values.dat.xz|PSI.dat|TEwaveguide.m|incident_W3PC.def|power1.dat|power2.dat|trans_W3PC.def|yee.dat,20685910,48,512,16384,16,lru,pentium_m,,constant,2.2,090ac23cf7ee,sunnycove,1,63722393208,2191092560,1751328575,439763985,0,2191092560,0,13423388550405740,13423391270588393,2720182653,2720.182653,643827.565427828,161667.07942019953,0.0,28145165,1801290560,2720182,1001,1862,282.0
cpu2026,765.roms_r,roms,maapOg,1,1,0,0,0,1,0,refrate,,,roms_benchmark2.in.x|varinfo.yaml,459072,48,512,16384,16,lru,pentium_m,,constant,2.2,090ac23cf7ee,sunnycove,1,56204701602,1909363048,1688579005,220784043,0,1909363048,0,13423391642054503,13423393923250515,2281196012,2281.196012,740216.5338346208,96784.33674203706,0.0,18894278,1209233792,2281196,1001,1192,257.0
cpu2026,766.femflow_r,femflow,maapOg,1,1,0,0,0,1,0,refrate,,,refrate.prm,473,48,512,16384,16,lru,pentium_m,,constant,2.2,090ac23cf7ee,sunnycove,1,65268135494,2135324327,1157482325,977842002,0,2135324327,0,13423394307426753,13423396870690254,2563263501,2563.263501,451565.87473290757,381483.2152911774,0.0,568913,36410432,2563263,1001,90,283.0
cpu2026,767.nest_r,nest,maapOg,1,1,0,0,0,1,0,refrate,,,ArtificialSynchrony.sli|FormattedIO|FormattedIO.sli|arraylib|arraylib.sli|control|cuba_stdp.sli|debug|debug.sli|helpinit,1051499,48,512,16384,16,lru,pentium_m,,constant,2.2,090ac23cf7ee,sunnycove,1,47205837,1567405,1108639,458766,0,1567405,0,13423397237315923,13423397239973685,2657762,2.657762,417132.5348168873,172613.65013120061,0.0,17167,1098688,2657,1001,17,1.0
cpu2026,772.marian_r,marian,maapOg,1,1,0,0,0,1,0,refrate,,,EuroPat-spec.en|TildeMODEL-spec.en|control|model.alphas.npz|vocab.spm,89277765,48,512,16384,16,lru,pentium_m,,constant,2.2,090ac23cf7ee,sunnycove,1,50122404052,1621832941,853833888,767999053,0,1621832941,0,13423397604262889,13423399636213007,2031950118,2031.950118,420204.1577873025,377961.56814908586,0.0,10057746,643695744,2031950,1001,690,218.0
cpu2026,782.lbm_r,lbm,maapOg,1,1,0,0,0,1,0,refrate,,,200_200_130_ldc.of|lbm.in,5226171,48,512,16384,16,lru,pentium_m,,constant,2.2,090ac23cf7ee,sunnycove,1,59967695922,1943438780,890408140,1053030640,0,1943438780,0,13423400105415211,13423402566160830,2460745619,2460.745619,361844.8543095832,427931.5309430203,0.0,26628030,1704193920,2460745,1001,1649,231.0
cpu2026,999.specrand_r,specrand,maapOg,1,1,0,0,0,1,0,refrate,,,control,18,48,512,16384,16,lru,pentium_m,,constant,2.2,090ac23cf7ee,sunnycove,1,5083672276,167449568,101325192,66124376,0,167449568,0,13423402934925786,13423403132076360,197150574,197.150574,513948.24749533826,335400.3727120774,0.0,23953,1532992,197150,1001,16,29.0
