PatternConfig Name,Benchmark,Profiler,MemCellType,Cache Level,Design Target,Capacity,Word Width (bits),Optimization Target,Total Reads,Total Writes,Total Read Latency (ms),Total Write Latency (ms),Total Latency (ms),Total Read Energy (mJ),Total Write Energy (mJ),Total Energy (mJ),Total Dynamic Read Power (mW),Total Dynamic Write Power (mW),Total Power (mW),Read Bandwidth Usage (%),Write Bandwidth Usage (%),Cache Hit Latency (ns),Cache Miss Latency (ns),Cache Write Latency (ns),Cache Hit Energy (nJ),Cache Miss Energy (nJ),Cache Write Energy (nJ),Leakage Power (mW),Total Area (mm^2)
memsyspatternconfig_test_sniper,core_0,sniper,MRAM (Magnetoresistive),,cache,128KB,64,WriteEDP,1627,666,0.0075745937314568,0.0080775218745381,0.015652115605995,0.0001589366742165,3.329740214221912e-05,0.0001922340763587,5126.989490856066,1074.1097465231974,6203.14195747345,13161.064598387107,25103.062390028117,4.65555853193412,2.5501645735241105,12.128411223030303,0.0976869540359791,0.0976869540359791,0.0499960993126413,2.0427200941859227,0.137875756554196
memsyspatternconfig_test_sniper,core_0,sniper,MRAM (Magnetoresistive),,cache,256KB,64,WriteEDP,1627,666,0.0080914620701492,0.0083355296317717,0.0164269917019209,0.0001572711162309,3.351384674010741e-05,0.000190784962971,5073.26181390132,1081.0918303260455,6155.51679084936,21518.95320348049,25570.954392479096,4.973240362722343,2.7024918601853765,12.515810257915478,0.096663255212625,0.096663255212625,0.0503210912013624,1.1631466219951891,0.230868347417044
memsyspatternconfig_test_sniper,core_0,sniper,MRAM (Magnetoresistive),,cache,512KB,64,WriteEDP,1627,666,0.0090103190877676,0.009018551610057,0.0180288706978247,0.0001599014348142,3.516532736405405e-05,0.0001950667621782,5158.110800459404,1134.3653988404533,6294.491797721109,41161.3431063544,27674.513191933584,5.537995751547437,2.705160980862095,13.541368783869508,0.0982799230573088,0.0982799230573088,0.052800791837919,2.015598421251119,0.4479991788288421
memsyspatternconfig_test_sniper,core_0,sniper,MRAM (Magnetoresistive),,cache,1MB,64,WriteEDP,1627,666,0.0182355739368144,0.0107315182800799,0.0289670922168944,0.0001666133962377,3.743728993817345e-05,0.0002040506861758,5374.625685087884,1207.6545141346276,6586.038604973706,41217.3006335712,33124.05790649167,11.208097072412071,2.7106667846292964,16.113390810930916,0.1024052834896892,0.1024052834896892,0.0562121470543145,3.7584057511940503,0.861329951795729
memsyspatternconfig_test_sniper,core_0,sniper,MRAM (Magnetoresistive),,cache,2MB,64,WriteEDP,1627,666,0.0212347590706919,0.0130438178835293,0.0342785769542213,0.0001748976135023,4.098414299454196e-05,0.0002158817564969,5641.858500076471,1322.0691288561925,6967.729232330713,91239.59130149412,40276.5532012815,13.05148068266256,2.887152596969901,19.58531213743143,0.1074969966210022,0.1074969966210022,0.061537752244057,3.80160339804984,1.6479055711767476
memsyspatternconfig_test_sniper,core_0,sniper,MRAM (Magnetoresistive),,cache,4MB,64,WriteEDP,1627,666,0.0556627333730047,0.0194184417688862,0.0750811751418909,0.000193826065957,4.587605281798309e-05,0.0002397021187749,6252.453740548399,1479.8726715478415,7739.512461272022,91337.9011501595,60661.29010974,34.21188283528257,2.9647511598059566,29.15681947280216,0.1191309563349725,0.1191309563349725,0.0688829621891638,7.186049175781639,3.209718168321592
memsyspatternconfig_test_sniper,core_0,sniper,RRAM (Memristor),,cache,128KB,64,WriteEDP,1627,666,0.0045070874190468,0.0142059921226409,0.0187130795416878,0.0001475407703944,3.034528388340304e-05,0.0001778860542778,4759.379690143712,978.8801252710656,5742.367684070889,8399.754412524278,45117.997532459136,2.770182802118533,2.036592974128945,21.3303185024639,0.0906827107525845,0.0906827107525845,0.0455634893144189,4.107868656111647,0.1466630452693598
memsyspatternconfig_test_sniper,core_0,sniper,RRAM (Memristor),,cache,256KB,64,WriteEDP,1627,666,0.0053655675350743,0.0144066092602216,0.019772176795296,0.00015436412159,3.3744378280886386e-05,0.0001881084998709,4979.487793228994,1088.5283316414964,6072.154642796804,10667.2360943501,45763.30178725214,3.29782884761794,2.1096134616316773,21.63154543576825,0.0948765344745536,0.0948765344745536,0.0506672346559855,4.138517926313903,0.1761000634156181
memsyspatternconfig_test_sniper,core_0,sniper,RRAM (Memristor),,cache,512KB,64,WriteEDP,1627,666,0.0054075745575234,0.01441520688682,0.0198227814443434,0.0001675732475469,3.915143291349527e-05,0.0002067246804604,5405.588630546375,1262.949448822428,6676.815115221431,10667.2360943501,45763.30178725214,3.323647546111496,2.1510168131841496,21.644454785015025,0.1029952351241165,0.1029952351241165,0.0587859353055484,8.277035852627806,0.3522001268312362
memsyspatternconfig_test_sniper,core_0,sniper,RRAM (Memristor),,cache,1MB,64,WriteEDP,1627,666,0.0054476706438444,0.0144234133998777,0.0198710840437221,0.0001810226745031,4.4656852921395655e-05,0.0002256795274245,5839.441113005636,1440.5436426256665,7296.534659677038,10667.2360943501,45763.30178725214,3.3482917294680004,2.168766363805822,21.656776876693275,0.1112616315323753,0.1112616315323753,0.0670523317138072,16.549904045735612,0.6993644674224725
memsyspatternconfig_test_sniper,core_0,sniper,RRAM (Memristor),,cache,2MB,64,WriteEDP,1627,666,0.0072906675814032,0.0148226973247692,0.0221133649061724,0.0001802121153215,4.58789874376751e-05,0.0002260911027592,5813.294042630992,1479.9673366991967,7312.646995523508,15400.19894463827,46985.17329326649,4.4810495275987705,2.3538893877805243,22.25630228944328,0.1107634390421393,0.1107634390421393,0.0688873685250376,19.385616193319937,0.8347968125638362
memsyspatternconfig_test_sniper,core_0,sniper,RRAM (Memristor),,cache,4MB,64,WriteEDP,1627,666,0.0058237206691784,0.0144615427805449,0.0202852634497234,0.0002071663140287,5.598328378322006e-05,0.0002631495978119,6682.784323508814,1805.912380103873,8535.903371393068,10704.851321294407,45761.62805693238,3.579422660834944,2.46659756528098,21.71402819901649,0.1273302483274574,0.1273302483274574,0.0840589846594895,47.206667780380286,1.7024459791990405
memsyspatternconfig_test_sniper,core_0,sniper,SRAM,,cache,128KB,64,WriteEDP,1627,666,0.0052485340501931,0.0017186420809695,0.0069671761311626,2.78397222767743e-05,2.0573521283874388e-06,2.989707440516174e-05,898.0555573153,66.36619768991739,964.87283305239,17725.18646042713,4504.311339083559,3.22589677332093,2.43281130799348,2.58054366511937,0.017111076998632,0.017111076998632,0.003089117309891,0.4510780471726535,0.266131356555719
memsyspatternconfig_test_sniper,core_0,sniper,SRAM,,cache,256KB,64,WriteEDP,1627,666,0.0070705012492891,0.0024552741911412,0.0095257754404303,5.034972766204309e-05,2.435718169677437e-06,5.278544583172053e-05,1624.184763291713,78.57155386056249,1703.509948053554,36300.45674320525,6456.829227815887,4.345729102205966,3.0165112493083504,3.686597884596421,0.030946359964378,0.030946359964378,0.0036572344890051,0.7536309012786793,0.5181538901891822
memsyspatternconfig_test_sniper,core_0,sniper,SRAM,,cache,512KB,64,WriteEDP,1627,666,0.0113879642004369,0.0036291571217803,0.0150171213222173,9.374001377165142e-05,3.2576806183156866e-06,9.69976943899671e-05,3023.8714119887554,105.08647155857054,3130.293440308687,38926.432434071154,10152.942299779876,6.999363368430815,3.939261863567741,5.449184867538128,0.0576152512425638,0.0576152512425638,0.0048914123398133,1.335556761361407,1.011105557617177
memsyspatternconfig_test_sniper,core_0,sniper,SRAM,,cache,1MB,64,WriteEDP,1627,666,0.0148545786344754,0.0050324412308263,0.0198870198653018,0.0001466284271712,1.4054668917922394e-05,0.0001606830960891,4729.949263587438,453.376416707174,5190.068365643433,84347.7495447909,14418.07456626612,9.130042184680669,1.3165994401334,7.556218064303854,0.0901219589251447,0.0901219589251447,0.0211031064833669,6.7426853488218494,2.24794685918282
memsyspatternconfig_test_sniper,core_0,sniper,SRAM,,cache,2MB,64,WriteEDP,1627,666,0.0303757898080025,0.0092725915607767,0.0396483813687792,0.0002731613890956,2.0485450507124977e-05,0.0002936468396027,8811.657712763532,660.8209841008057,9485.353006537562,93145.349585293,27917.49221103868,18.66981549354795,1.459147562276499,13.922810151316416,0.1678926792229068,0.1678926792229068,0.0307589346953828,12.87430967322336,4.491817169017513
memsyspatternconfig_test_sniper,core_0,sniper,SRAM,,cache,4MB,64,WriteEDP,1627,666,0.0385418797935974,0.0125916715023346,0.0511335512959321,0.0005079111711291,2.8280894630942427e-05,0.00053619206576,16384.231326746536,912.286923578788,17321.73321800898,217342.11383714055,37989.45949778597,23.68892427387675,1.805735446170619,18.906413667169197,0.3121765034598295,0.3121765034598295,0.0424638057521658,25.214967683655477,8.957619479164999
memsyspatternconfig_test_sniper,core_0,sniper,Single-Level Cell FeFET,,cache,128KB,64,WriteEDP,1627,666,0.0284808349092531,0.9021283590076592,0.9306091939169124,1.1194934231223592e-05,2.846378025538652e-06,1.4041312256762244e-05,361.126910684632,91.8186459851178,455.51645690048167,3292.3049939157763,2880658.6728503504,17.50512286985442,16.83842156035938,1354.5470855970862,0.0068807217155645,0.0068807217155645,0.0042738408791871,2.5709002307318243,0.0395250941099293
memsyspatternconfig_test_sniper,core_0,sniper,Single-Level Cell FeFET,,cache,256KB,64,WriteEDP,1627,666,0.0313363846773973,0.902597315575628,0.9339337002530252,1.1979800896791562e-05,3.468383307741046e-06,1.5448184204532607e-05,386.4451902190826,111.88333250777568,502.58148495447097,4060.886202498872,2881030.240900735,19.26022414099405,18.59236933540994,1355.25122458803,0.0073631228621951,0.0073631228621951,0.0052077827443559,4.252962227612668,0.0709205335208351
memsyspatternconfig_test_sniper,core_0,sniper,Single-Level Cell FeFET,,cache,512KB,64,WriteEDP,1627,666,0.051827276188241,0.9104001591721596,0.9622274353604006,1.959644450012632e-05,4.261177964342978e-06,2.38576224644693e-05,632.1433709718168,137.45735368848315,777.8804165093295,7089.915570112053,2882570.965148555,31.854502881524905,30.2967902803314,1366.9672059642037,0.012044526429088,0.012044526429088,0.006398165111626,8.27969184902947,0.1385042783150352
memsyspatternconfig_test_sniper,core_0,sniper,Single-Level Cell FeFET,,cache,1MB,64,WriteEDP,1627,666,0.0508994713736235,0.9099781849127272,0.9608776562863508,2.0889694932173248e-05,5.408232269071872e-06,2.629792720124512e-05,673.8611268442983,174.45910545393136,856.4414182440645,7861.610104591048,2882941.754037321,31.284247924783987,29.724122358589195,1366.333610980071,0.012839394549584,0.012839394549584,0.0081204688724802,8.121185945834899,0.2069808923614804
memsyspatternconfig_test_sniper,core_0,sniper,Single-Level Cell FeFET,,cache,2MB,64,WriteEDP,1627,666,0.0265813307696141,0.8979211681335701,0.9245024989031844,3.5671916887638064e-05,7.210567447715632e-06,4.28824843353537e-05,1150.706996375421,232.59894992631072,1402.457874746055,20887.47365547251,2889298.134410209,16.337634154649123,11.645195755286691,1348.229982182538,0.0219249642825064,0.0219249642825064,0.0108266778494228,19.15192844432296,0.4381429171364139
memsyspatternconfig_test_sniper,core_0,sniper,Single-Level Cell FeFET,,cache,4MB,64,WriteEDP,1627,666,0.0301483221939258,0.8985671089035292,0.928715431097455,3.7612799280993474e-05,8.94510463416633e-06,4.6557903915159806e-05,1213.3161058384992,288.55176239246225,1525.2322380077246,23253.464153801076,2890423.313234128,18.530007494730096,13.83042967302451,1349.1998632185123,0.0231178852372424,0.0231178852372424,0.0134310880392887,23.364369776763144,0.7386861647149818
